Ink_Ratio,Average_Intensity,Pixel_STD,Min_Intensity,Max_Intensity,Label
0.1432647705078125,200.1985321044922,77.71910731609262,0,255,0
0.1907196044921875,161.612548828125,75.34563321505563,0,255,0
0.1459503173828125,182.20864868164062,71.94954025173917,0,255,0
0.1417694091796875,191.27072143554688,74.94319838596694,0,255,0
0.0789642333984375,191.536865234375,45.388539534572466,0,255,0
0.185760498046875,177.40769958496094,79.86731681106001,0,255,0
0.103912353515625,181.84458923339844,57.53665003393414,0,255,0
0.1615142822265625,171.34927368164062,72.02867372755104,0,255,0
0.1141510009765625,195.42222595214844,65.213325756526,0,255,0
0.1313934326171875,179.01002502441406,65.82092131737615,0,255,0
0.18841552734375,167.94161987304688,77.95472270150032,0,255,0
0.103607177734375,205.4563751220703,64.85877358862722,0,255,0
0.06103515625,195.82701110839844,43.155530446511136,0,255,0
0.040069580078125,211.0564422607422,33.87215582701867,0,255,0
0.11572265625,197.3509979248047,66.44537783317442,0,255,0
0.2339019775390625,166.51275634765625,87.5165228658649,0,255,0
0.0928497314453125,200.5192108154297,58.98369694011954,0,255,0
0.12457275390625,178.32870483398438,63.30172544908499,0,255,0
0.114013671875,181.7169647216797,61.167402975830136,0,255,0
0.1524810791015625,197.6125030517578,80.03781040410868,0,255,0
0.17547607421875,167.18971252441406,73.39989129083716,0,255,0
0.1543426513671875,165.5984649658203,66.77226230181556,0,255,0
0.096221923828125,197.51943969726562,55.610957567644505,0,255,0
0.23337275528305998,169.23138090940213,88.98229932861653,0,255,0
0.15472412109375,199.881591796875,81.41804204274139,0,255,0
0.16680908203125,189.41830444335938,81.82268637141685,0,255,0
0.20000933677756683,178.40169929351717,88.65796680080744,0,255,0
0.1314697265625,199.70889282226562,74.94355300316381,0,255,0
0.1558380126953125,172.46258544921875,72.08110821280806,0,255,0
0.2040557861328125,190.2922821044922,93.10917329073064,0,255,0
0.168304443359375,161.8813018798828,67.46417592827386,0,255,0
0.143768310546875,200.66539001464844,78.02649251898312,0,255,0
0.1548614501953125,175.0470733642578,72.4233881586916,0,255,0
0.114959716796875,193.7121124267578,63.25415549218369,0,255,0
0.196441650390625,174.11695861816406,83.72993329154653,0,255,0
0.1646270751953125,176.35031127929688,74.71717297926533,0,255,0
0.1614532470703125,190.14895629882812,80.28634399442873,0,255,0
0.138671875,190.83811950683594,73.07699241360874,0,255,0
0.076751708984375,208.8724365234375,55.561114720769645,0,255,0
0.147796630859375,178.12928771972656,72.98033624986621,0,255,0
0.0574798583984375,218.8048553466797,48.6359288181758,0,255,0
0.1489410400390625,198.16673278808594,80.62555935553686,0,255,0
0.1375274658203125,175.78012084960938,62.591497666705315,0,255,0
0.1103973388671875,184.8690643310547,58.40599233127696,0,255,0
0.064300537109375,215.40261840820312,56.72923248501826,0,255,0
0.109832763671875,199.6444091796875,66.88405943486735,0,255,0
0.2116241455078125,156.20962524414062,78.71807700332097,0,255,0
0.1881103515625,186.6956024169922,87.25642284570937,0,255,0
0.22650146484375,169.9043426513672,88.34541961627968,0,255,0
0.19226172234140362,185.34111247318418,89.15714565380867,0,255,0
0.02093505859375,216.2071990966797,27.021785690593408,0,255,0
0.145355224609375,181.33694458007812,70.80240694144175,0,255,0
0.0641632080078125,211.2910919189453,43.7335149326113,0,255,0
0.13681491394603343,196.15128691917462,72.27832234104427,0,255,0
0.1905975341796875,182.85914611816406,84.36485894441084,0,255,0
0.22540283203125,168.03311157226562,87.92368285839457,0,255,0
0.12102019856213625,201.52883508138558,73.00645275706177,0,255,0
0.176788330078125,186.67799377441406,82.55274282690773,0,255,0
0.17755126953125,192.9155731201172,85.56355929144432,0,255,0
0.191802978515625,192.35557556152344,90.25660871767971,0,255,0
0.13623046875,197.58670043945312,74.5496672254439,0,255,0
0.0772247314453125,201.2478790283203,54.254700938551444,0,255,0
0.1613006591796875,180.3775634765625,72.74536910579768,0,255,0
0.1569671630859375,179.19033813476562,75.66706258190125,0,255,0
0.1037750244140625,197.03643798828125,60.456234950517306,0,255,0
0.109039306640625,188.2958526611328,60.67123578111611,0,255,0
0.1657257080078125,187.22552490234375,80.64401543621588,0,255,0
0.1192474365234375,208.46075439453125,71.89110458379774,0,255,0
0.1436309814453125,172.76824951171875,64.17076101162266,0,255,0
0.1703948974609375,163.00485229492188,68.57662247649237,0,255,0
0.1287994384765625,203.35183715820312,74.56303261950148,0,255,0
0.222930908203125,164.6957244873047,86.80492915225607,0,255,0
0.1991424560546875,181.04037475585938,87.20219525438438,0,255,0
0.1891021728515625,168.72474670410156,79.75399145638816,0,255,0
0.03692626953125,218.8430633544922,34.642258932141296,0,255,0
0.1535491943359375,170.61587524414062,66.76647677776975,0,255,0
0.2137298583984375,164.4141082763672,82.61811931687573,0,255,0
0.11712646484375,201.5535430908203,73.21315759247693,0,255,0
0.098907470703125,211.14564514160156,66.71467356375443,0,255,0
0.1879119873046875,183.37342834472656,86.82691224818248,0,255,0
0.09619140625,202.47958374023438,60.16411990463247,0,255,0
0.15576171875,186.0064697265625,76.1807898686268,0,255,0
0.1257781982421875,197.41104125976562,70.13557551483851,0,255,0
0.11529541015625,187.9710235595703,65.25034445879865,0,255,0
0.1999053955078125,166.6211700439453,80.56058054587746,0,255,0
0.164642333984375,193.66915893554688,81.07657598883222,0,255,0
0.15635990165260963,186.85448632162087,74.50346923199298,0,255,0
0.152252197265625,177.1032257080078,70.08540373358139,0,255,0
0.10544334132146525,194.96939093087673,66.16312209300239,0,255,0
0.2331390380859375,160.3893280029297,86.65287205060903,0,255,0
0.229827880859375,170.41043090820312,90.71728903235451,0,255,0
0.0569000244140625,213.5984344482422,44.612963166936126,0,255,0
0.12384033203125,194.0732879638672,71.05470092146888,0,255,0
0.2004547119140625,180.7697296142578,87.19139618639697,0,255,0
0.2176971435546875,168.98922729492188,88.17362306887136,0,255,0
0.0982818603515625,206.90899658203125,62.689632634998915,0,255,0
0.1865081787109375,191.6361846923828,89.86098344836698,0,255,0
0.128387451171875,196.42333984375,71.21878265842092,0,255,0
0.129486083984375,173.97987365722656,64.24379768012548,0,255,0
0.1249847412109375,191.04132080078125,67.74497264531495,0,255,0
0.1446075439453125,193.13705444335938,74.42906723897546,0,255,0
0.1858062744140625,171.30526733398438,78.16085884295087,0,255,0
0.175872802734375,197.38595581054688,88.14026765060626,0,255,0
0.191436767578125,191.04736328125,90.38819503880961,0,255,0
0.1503448486328125,191.42579650878906,75.88945190437073,0,255,0
0.151641845703125,176.98130798339844,67.65952198062443,0,255,0
0.1330413818359375,190.63479614257812,69.04306800413619,0,255,0
0.183685302734375,186.2494354248047,86.80209074878584,0,255,0
0.109344482421875,205.7296905517578,67.05286160797907,0,255,0
0.14105224609375,171.13661193847656,66.39415536841697,0,255,0
0.1071624755859375,185.70323181152344,57.28404791315915,0,255,0
0.1386260986328125,187.26072692871094,68.61477845814447,0,255,0
0.0347016899567396,222.98918489931842,34.7199427527384,0,255,0
0.16754150390625,183.8503875732422,78.75134547947619,0,255,0
0.17148548131088356,169.31136597055803,76.12956254609315,0,255,0
0.188873291015625,187.93505859375,86.99072370595177,0,255,0
0.22052001953125,160.44573974609375,82.02279449079232,0,255,0
0.151611328125,188.05630493164062,75.09760354708024,0,255,0
0.1333465576171875,184.64840698242188,66.92479215110893,0,255,0
0.198760986328125,178.81680297851562,86.60743564254678,0,255,0
0.205291748046875,179.5603485107422,88.86890102414282,0,255,0
0.153656005859375,166.14358520507812,67.46742161577163,0,255,0
0.093414306640625,200.54165649414062,58.9418167397825,0,255,0
0.1754913330078125,187.71986389160156,82.64887376087732,0,255,0
0.11517333984375,194.35635375976562,66.4750016015467,0,255,0
0.14300537109375,169.1582489013672,66.9167099183306,0,255,0
0.189849853515625,166.89686584472656,78.54206662936394,0,255,0
0.1795501708984375,189.07321166992188,85.76853584433785,0,255,0
0.1647491455078125,194.25804138183594,82.40813989360737,0,255,0
0.0970611572265625,192.17977905273438,56.089277742591385,0,255,0
0.1873779296875,182.7303466796875,83.11759272669411,0,255,0
0.123687744140625,200.64710998535156,73.15848088699782,0,255,0
0.2133636474609375,180.0799560546875,92.14064694493773,0,255,0
0.0791778564453125,206.2121124267578,58.77336122671391,0,255,0
0.1640167236328125,185.52870178222656,78.10466844933626,0,255,0
0.04541015625,198.65423583984375,34.21675913339568,0,255,0
0.1719512939453125,196.11473083496094,85.67392430862498,0,255,0
0.15235979160281948,156.49759423843088,61.94876737826026,0,255,0
0.032958984375,213.85560607910156,35.630359682901215,0,255,0
0.1284942626953125,184.0480194091797,65.87897375326823,0,255,0
0.1393514051850238,185.11379975724378,67.6182198754159,0,255,0
0.0877838134765625,206.35459899902344,56.87613383059464,0,255,0
0.246490478515625,154.60308837890625,87.34985736688212,0,255,0
0.15640658554044382,167.66493417571814,71.60179633377062,0,255,0
0.1466064453125,184.33619689941406,72.0426608511171,0,255,1
0.2348480224609375,145.24859619140625,74.80455836628558,0,255,1
0.159942626953125,181.7799835205078,73.98045777545408,0,255,1
0.2166290283203125,175.24159240722656,90.02208912238905,0,255,1
0.223052978515625,180.05242919921875,96.88108693179139,0,255,1
0.2315826416015625,155.04629516601562,83.42221389160062,0,255,1
0.1685943603515625,185.25816345214844,81.76983935039135,0,255,1
0.250579833984375,163.29489135742188,85.01351380841821,0,255,1
0.27734375,149.2412872314453,90.10746313256082,0,255,1
0.2055511474609375,173.74319458007812,84.90026029807787,0,255,1
0.2577362060546875,164.21310424804688,94.00151172689083,0,255,1
0.147918701171875,185.31240844726562,75.01934521722681,0,255,1
0.11407470703125,179.20545959472656,62.6027217975963,0,255,1
0.1406402587890625,193.58924865722656,73.62957034314043,0,255,1
0.1939697265625,182.4180145263672,86.02241538855178,0,255,1
0.182342529296875,189.58474731445312,85.08107753153958,0,255,1
0.0769195556640625,219.03033447265625,58.105958072397144,0,255,1
0.1039886474609375,203.92361450195312,61.627584668808474,0,255,1
0.098846435546875,214.63116455078125,63.17117627080241,0,255,1
0.130126953125,172.1142578125,64.38168489135056,0,255,1
0.1187744140625,181.141357421875,63.197876267404276,0,255,1
0.162200927734375,174.6448974609375,74.18305268722328,0,255,1
0.2207489013671875,168.74325561523438,86.13575693122928,0,255,1
0.202056884765625,185.38429260253906,83.29506790844457,0,255,1
0.1474609375,180.17678833007812,66.04950311032418,0,255,1
0.073211669921875,215.0516815185547,56.139737029768995,0,255,1
0.2256317138671875,179.11126708984375,94.35848370587266,0,255,1
0.1517181396484375,194.31210327148438,78.94934140508062,0,255,1
0.1388092041015625,164.8287353515625,58.17422779465302,0,255,1
0.1199798583984375,187.95706176757812,61.79411478158926,0,255,1
0.0503082275390625,208.99246215820312,42.346090491903965,0,255,1
0.136871337890625,188.48411560058594,74.449182725379,0,255,1
0.1290283203125,206.90213012695312,77.43867796094864,0,255,1
0.09844970703125,211.13197326660156,68.51151391190562,0,255,1
0.1465301513671875,173.19178771972656,68.56391902990316,0,255,1
0.1380615234375,182.5419158935547,71.78721274171245,0,255,1
0.125640869140625,206.98280334472656,73.69446291982626,0,255,1
0.1542205810546875,175.7445526123047,70.68538155242017,0,255,1
0.113861083984375,209.08119201660156,70.15724362652426,0,255,1
0.100128173828125,214.64706420898438,68.81903833357089,0,255,1
0.1163330078125,195.34361267089844,69.01704275722422,0,255,1
0.0849609375,213.6520538330078,59.809534113239884,0,255,1
0.156585693359375,200.40785217285156,81.9155619795316,0,255,1
0.07513427734375,194.32606506347656,49.10779552778555,0,255,1
0.153564453125,186.3956298828125,70.9788511889785,0,255,1
0.1642303466796875,186.2169189453125,75.85689988965032,0,255,1
0.12255859375,183.1536407470703,61.8329054540461,0,255,1
0.088287353515625,207.09405517578125,64.01000376765218,0,255,1
0.110504150390625,188.23483276367188,64.76152259179126,0,255,1
0.1982879638671875,168.8834991455078,82.64124663683717,0,255,1
0.191070556640625,177.80870056152344,82.96542802823733,0,255,1
0.1533050537109375,177.36155700683594,71.35270552840439,0,255,1
0.1462249755859375,187.48110961914062,74.15651241353693,0,255,1
0.2407684326171875,170.16049194335938,85.05615479297306,0,255,1
0.164764404296875,187.90054321289062,76.96348813277822,0,255,1
0.1528778076171875,188.9075469970703,76.93015290319428,0,255,1
0.2525177001953125,164.25192260742188,93.43795747740154,0,255,1
0.1040191650390625,201.95677185058594,66.52877397748448,0,255,1
0.1276702880859375,200.4334259033203,72.86101119368983,0,255,1
0.16143798828125,192.82801818847656,81.12427891608014,0,255,1
0.12786865234375,179.87928771972656,63.69532448335991,0,255,1
0.1945037841796875,166.40525817871094,78.66809179590899,0,255,1
0.206756591796875,164.16737365722656,82.73619633618036,0,255,1
0.155792236328125,182.3075408935547,74.98573172721711,0,255,1
0.1471710205078125,200.23399353027344,82.38635460072229,0,255,1
0.1282958984375,181.39578247070312,68.18704441039615,0,255,1
0.1578369140625,195.42483520507812,73.85790133432859,0,255,1
0.155426025390625,195.35462951660156,75.87332207325788,0,255,1
0.1791534423828125,195.96807861328125,87.81097251963122,0,255,1
0.1085205078125,178.89234924316406,56.858468676748124,0,255,1
0.2179412841796875,173.93203735351562,87.56515808596303,0,255,1
0.17388916015625,160.2803955078125,70.53436647786253,0,255,1
0.1379241943359375,189.36585998535156,73.04743594945995,0,255,1
0.2007598876953125,191.1194305419922,94.23320251997613,0,255,1
0.138397216796875,197.82864379882812,75.1796919317102,0,255,1
0.2647857666015625,170.26914978027344,99.03424801282188,0,255,1
0.1943206787109375,183.2974853515625,86.38492901237703,0,255,1
0.225128173828125,175.7193603515625,89.6569912241767,0,255,1
0.139923095703125,180.87814331054688,66.32816834745321,0,255,1
0.16015625,179.42881774902344,72.48719263379526,0,255,1
0.1882476806640625,191.46469116210938,86.1151472013183,0,255,1
0.060791015625,220.3665771484375,55.63342623900426,0,255,1
0.1780548095703125,163.8155517578125,73.22250364556821,0,255,1
0.0918426513671875,186.23818969726562,57.05571204016565,0,255,1
0.1026458740234375,213.78060913085938,68.88381658966813,0,255,1
0.1023101806640625,200.40623474121094,65.04390487469006,0,255,1
0.1538543701171875,174.1422119140625,57.79627868195699,0,255,1
0.196990966796875,162.05555725097656,73.39711143319327,0,255,1
0.16168212890625,198.80039978027344,83.11364228217599,0,255,1
0.1456298828125,196.72657775878906,77.7861845980754,0,255,1
0.1675872802734375,187.4082794189453,80.72282048317464,0,255,1
0.1811370849609375,174.41537475585938,77.01163867018845,0,255,1
0.060302734375,191.07998657226562,41.688805365148774,0,255,1
0.0216217041015625,201.09815979003906,27.894659945917837,0,255,1
0.0721435546875,210.25633239746094,54.430902319548004,0,255,1
0.0621185302734375,206.3177490234375,50.024483018625595,0,255,1
0.1529083251953125,174.63702392578125,71.32393277371206,0,255,1
0.1056671142578125,196.17538452148438,67.29018589808852,0,255,1
0.2208251953125,176.1934356689453,84.34061119373976,0,255,1
0.2417755126953125,161.7398681640625,85.08747287736573,0,255,1
0.132598876953125,188.0457305908203,68.97321097480511,0,255,1
0.1375732421875,186.5172882080078,69.02888286878185,0,255,1
0.197113037109375,160.3576202392578,77.92578521072988,0,255,1
0.150543212890625,194.10256958007812,78.72383913797566,0,255,1
0.06256103515625,215.9676055908203,51.47334684657299,0,255,1
0.1774749755859375,174.76014709472656,77.57667664026152,0,255,1
0.19415283203125,154.76754760742188,73.37150716915836,0,255,1
0.1970062255859375,187.27110290527344,88.493434711166,0,255,1
0.194580078125,181.9019775390625,85.58580452548709,0,255,1
0.093048095703125,204.50074768066406,64.69128418262257,0,255,1
0.1157684326171875,207.58102416992188,74.26592227892519,0,255,1
0.1688690185546875,191.73263549804688,83.50804850813577,0,255,1
0.1598358154296875,195.2536163330078,73.98520694437714,0,255,1
0.1999359130859375,171.56222534179688,79.11496840924295,0,255,1
0.1381072998046875,189.8405303955078,72.22340958496129,0,255,1
0.1349639892578125,175.25143432617188,64.2438542572934,0,255,1
0.20233154296875,169.85006713867188,80.0927862683459,0,255,1
0.0997314453125,203.58023071289062,64.98374173956218,0,255,1
0.19378662109375,169.49917602539062,81.18412292885424,0,255,1
0.1830596923828125,171.40713500976562,78.83782545535573,0,255,1
0.2197265625,149.49929809570312,76.97490649540329,0,255,1
0.2017822265625,182.18580627441406,83.53517464754924,0,255,1
0.1875152587890625,189.75852966308594,85.59868648376175,0,255,1
0.1503448486328125,192.51638793945312,77.03990055059519,0,255,1
0.194580078125,176.84613037109375,84.50530938424836,0,255,1
0.1815338134765625,190.67408752441406,85.85030820347414,0,255,1
0.14703369140625,186.33291625976562,75.21489826433573,0,255,1
0.106689453125,204.3565673828125,68.35011027992337,0,255,1
0.1825714111328125,188.722900390625,86.10121886123603,0,255,1
0.1824493408203125,188.1007537841797,84.98066399249677,0,255,1
0.1480560302734375,197.36343383789062,77.39253193835857,0,255,1
0.129486083984375,204.99246215820312,72.67317682072319,0,255,1
0.146148681640625,201.65924072265625,78.46210708739231,0,255,1
0.189666748046875,167.06439208984375,77.01983132214188,0,255,1
0.1002197265625,195.3084259033203,57.06780276437637,0,255,1
0.1319427490234375,195.96621704101562,75.26650031325384,0,255,1
0.1638641357421875,165.43255615234375,69.93286574520724,0,255,1
0.1574859619140625,179.38058471679688,76.38992622788338,0,255,1
0.0636444091796875,217.20474243164062,51.30938893649666,0,255,1
0.1903228759765625,172.89547729492188,80.28741438724066,0,255,1
0.233856201171875,173.7232666015625,86.6082826070114,0,255,1
0.163604736328125,180.67654418945312,72.33892601944832,0,255,1
0.186553955078125,179.1995086669922,82.97965960305963,0,255,1
0.1400604248046875,176.2166748046875,68.10726403500365,0,255,1
